Geography,Timeframe,"Current Year Week Ending",Type,"ASP Current Year","Total Bulk and Bags Units","4046 Units","4225 Units","4770 Units","TotalBagged Units","SmlBagged Units","LrgBagged Units","X-LrgBagged Units"
Albany,Weekly,"2020-01-26 00:00:00","Conventional ",1.110000000,119807.77,4411.65,83404.51,272.00,31719.61,11175.72,18697.23,1846.66
Albany,Weekly,"2020-01-19 00:00:00","Conventional ",1.030000000,158753.71,5475.80,127139.63,319.44,25818.84,10230.82,14368.02,1220.00
Albany,Weekly,"2020-01-12 00:00:00","Conventional ",0.970000000,134040.63,3934.24,106147.50,209.81,23749.08,8715.36,13781.50,1252.22
Albany,Weekly,"2020-01-05 00:00:00","Conventional ",0.920000000,185688.43,4038.61,163629.86,193.31,17826.65,7098.37,9384.95,1343.33
Atlanta,Weekly,"2020-01-26 00:00:00","Conventional ",0.930000000,827996.78,388506.03,35682.99,2772.47,401035.29,331555.58,69328.18,151.53
Atlanta,Weekly,"2020-01-19 00:00:00","Conventional ",0.880000000,824648.09,381041.13,34983.18,3683.86,404939.92,351862.68,52910.96,166.28
Atlanta,Weekly,"2020-01-12 00:00:00","Conventional ",0.880000000,844402.20,372120.95,37790.11,2637.07,431854.07,370512.24,61173.39,168.44
Atlanta,Weekly,"2020-01-05 00:00:00","Conventional ",0.890000000,812755.45,355460.73,37303.12,2905.78,417085.82,371318.63,45627.67,139.52
Baltimore/Washington,Weekly,"2020-01-26 00:00:00","Conventional ",1.200000000,1123603.36,105729.94,454790.78,5323.04,557759.60,311589.05,246019.44,151.11
Baltimore/Washington,Weekly,"2020-01-19 00:00:00","Conventional ",1.230000000,1077672.01,120998.35,443795.34,4901.79,507976.53,350912.36,156830.84,233.33
Baltimore/Washington,Weekly,"2020-01-12 00:00:00","Conventional ",1.260000000,948410.14,98296.04,412765.32,4715.95,432632.83,263850.85,168535.31,246.67
Baltimore/Washington,Weekly,"2020-01-05 00:00:00","Conventional ",1.130000000,1040583.36,120288.69,522244.65,6213.88,391836.14,239052.24,152663.90,120.00
Boise,Weekly,"2020-01-26 00:00:00","Conventional ",1.050000000,122496.42,43258.55,5324.44,1227.73,72685.70,39893.16,21490.70,11301.84
Boise,Weekly,"2020-01-19 00:00:00","Conventional ",0.920000000,148024.21,49737.45,5048.91,1146.98,92090.87,55834.87,25556.53,10699.47
Boise,Weekly,"2020-01-12 00:00:00","Conventional ",1.020000000,141505.85,41313.77,9217.38,1231.79,89742.91,44381.25,34285.52,11076.14
Boise,Weekly,"2020-01-05 00:00:00","Conventional ",1.090000000,121921.10,35816.52,8749.59,1834.52,75520.47,39530.82,31962.59,4027.06
Boston,Weekly,"2020-01-26 00:00:00","Conventional ",1.200000000,756344.44,14627.17,402936.03,2032.79,336748.45,140249.77,195772.01,726.67
Boston,Weekly,"2020-01-19 00:00:00","Conventional ",1.230000000,804999.29,17036.72,478246.46,2442.27,307273.84,153783.71,153160.13,330.00
Boston,Weekly,"2020-01-12 00:00:00","Conventional ",1.270000000,712912.97,13429.49,439759.93,1387.48,258336.07,149663.12,108292.95,380.00
Boston,Weekly,"2020-01-05 00:00:00","Conventional ",1.180000000,762475.92,11242.17,494342.34,1486.19,255405.22,110420.12,144661.77,323.33
Buffalo/Rochester,Weekly,"2020-01-26 00:00:00","Conventional ",0.970000000,223188.79,8963.54,67462.59,345.17,146417.49,62211.65,80948.06,3257.78
Buffalo/Rochester,Weekly,"2020-01-19 00:00:00","Conventional ",1.010000000,222502.62,10395.37,74571.41,270.23,137265.61,64728.51,70180.44,2356.66
Buffalo/Rochester,Weekly,"2020-01-12 00:00:00","Conventional ",1.000000000,215290.66,10160.93,69702.04,338.45,135089.24,95824.35,36928.23,2336.66
Buffalo/Rochester,Weekly,"2020-01-05 00:00:00","Conventional ",1.150000000,193953.89,11768.48,78719.55,371.44,103094.42,40150.31,60710.78,2233.33
California,Weekly,"2020-01-26 00:00:00","Conventional ",1.230000000,6059624.68,1839168.44,751362.98,175012.01,3294081.25,1702774.56,1381892.67,209414.02
California,Weekly,"2020-01-19 00:00:00","Conventional ",1.050000000,7351356.83,1908457.08,1130507.83,194792.64,4117599.28,1546783.47,2188705.92,382109.89
California,Weekly,"2020-01-12 00:00:00","Conventional ",1.100000000,6950084.14,2080166.00,942003.48,142502.03,3785412.63,1720900.19,1797140.43,267372.01
California,Weekly,"2020-01-05 00:00:00","Conventional ",1.120000000,6728876.94,2002909.60,969150.02,205572.28,3551245.04,1691083.77,1448494.60,411666.67
Charlotte,Weekly,"2020-01-26 00:00:00","Conventional ",1.110000000,331725.23,120108.28,54073.82,2772.01,154771.12,113095.06,41522.72,153.34
Charlotte,Weekly,"2020-01-19 00:00:00","Conventional ",0.950000000,399349.37,123956.22,51839.61,2271.02,221282.52,182676.65,38332.54,273.33
Charlotte,Weekly,"2020-01-12 00:00:00","Conventional ",1.110000000,333879.89,115483.39,59263.17,2803.73,156329.60,113814.53,42295.26,219.81
Charlotte,Weekly,"2020-01-05 00:00:00","Conventional ",1.040000000,336572.71,117562.68,59910.78,4009.71,155089.54,118035.71,36873.83,180.00
Chicago,Weekly,"2020-01-26 00:00:00","Conventional ",1.200000000,791837.62,100295.25,270822.13,34316.11,386404.13,239313.60,146922.93,167.60
Chicago,Weekly,"2020-01-19 00:00:00","Conventional ",1.210000000,777961.96,75278.34,357668.42,38029.40,306985.80,128932.03,177884.40,169.37
Chicago,Weekly,"2020-01-12 00:00:00","Conventional ",1.360000000,667264.67,91168.61,201653.97,42938.03,331504.06,167801.21,163519.45,183.40
Chicago,Weekly,"2020-01-05 00:00:00","Conventional ",1.080000000,807582.31,101085.90,278621.64,42010.95,385863.82,128566.57,257233.80,63.45
Cincinnati/Dayton,Weekly,"2020-01-26 00:00:00","Conventional ",1.010000000,310883.68,66070.03,13145.45,8772.10,222896.10,184992.96,32981.39,4921.75
Cincinnati/Dayton,Weekly,"2020-01-19 00:00:00","Conventional ",0.710000000,381314.44,86382.49,41325.15,10226.89,243379.91,226208.45,14963.15,2208.31
Cincinnati/Dayton,Weekly,"2020-01-12 00:00:00","Conventional ",0.740000000,407672.05,90021.93,13103.61,10048.46,294498.05,271751.84,14820.47,7925.74
Cincinnati/Dayton,Weekly,"2020-01-05 00:00:00","Conventional ",0.730000000,356146.76,93137.63,21602.44,10971.84,230434.85,209011.94,20838.85,584.06
Columbus,Weekly,"2020-01-26 00:00:00","Conventional ",0.940000000,221323.90,56772.44,11600.46,2550.27,150400.73,104993.25,44495.88,911.60
Columbus,Weekly,"2020-01-19 00:00:00","Conventional ",0.700000000,281703.84,80080.91,35878.65,2641.76,163102.52,136007.37,26066.03,1029.12
Columbus,Weekly,"2020-01-12 00:00:00","Conventional ",0.740000000,285629.64,79911.69,11710.44,2031.19,191976.32,164567.04,27167.69,241.59
Columbus,Weekly,"2020-01-05 00:00:00","Conventional ",0.730000000,251781.00,78509.61,18725.55,2124.19,152421.65,130665.08,21493.02,263.55
"Dallas/Ft. Worth",Weekly,"2020-01-26 00:00:00","Conventional ",0.650000000,1728276.49,787118.76,145521.78,12066.52,783569.43,568751.54,214379.44,438.45
"Dallas/Ft. Worth",Weekly,"2020-01-19 00:00:00","Conventional ",0.660000000,1685126.21,721313.89,166249.78,11677.52,785885.02,509585.07,275651.18,648.77
"Dallas/Ft. Worth",Weekly,"2020-01-12 00:00:00","Conventional ",0.720000000,1666475.07,657589.73,207742.84,10656.84,790485.66,450864.81,338958.08,662.77
"Dallas/Ft. Worth",Weekly,"2020-01-05 00:00:00","Conventional ",0.710000000,1600871.66,664611.03,201597.18,13711.05,720952.40,415972.63,304522.94,456.83
Denver,Weekly,"2020-01-26 00:00:00","Conventional ",0.960000000,1060946.24,208756.18,141652.53,3678.52,706859.01,221467.28,471526.40,13865.33
Denver,Weekly,"2020-01-19 00:00:00","Conventional ",0.840000000,1129506.04,202819.36,165783.99,3077.37,757825.32,243454.01,502996.55,11374.76
Denver,Weekly,"2020-01-12 00:00:00","Conventional ",1.070000000,843040.70,206629.28,103376.22,3909.59,529125.61,203294.84,310622.35,15208.42
Denver,Weekly,"2020-01-05 00:00:00","Conventional ",0.950000000,1037906.96,197120.84,165448.03,4322.79,671015.30,182894.87,477921.99,10198.44
Detroit,Weekly,"2020-01-26 00:00:00","Conventional ",0.910000000,557814.72,78373.26,35068.33,38535.97,405837.16,353626.30,47169.69,5041.17
Detroit,Weekly,"2020-01-19 00:00:00","Conventional ",0.860000000,622423.15,122634.89,72828.44,114357.99,312601.83,249611.28,49631.53,13359.02
Detroit,Weekly,"2020-01-12 00:00:00","Conventional ",0.800000000,645737.10,153854.08,39839.62,45375.29,406668.11,379707.18,20315.86,6645.07
Detroit,Weekly,"2020-01-05 00:00:00","Conventional ",0.820000000,527800.24,141345.14,51567.73,79314.16,255573.21,231551.54,18144.61,5877.06
"Grand Rapids",Weekly,"2020-01-26 00:00:00","Conventional ",1.050000000,218922.97,5116.95,42352.16,41156.05,130297.81,116732.28,5589.27,7976.26
"Grand Rapids",Weekly,"2020-01-19 00:00:00","Conventional ",1.140000000,247192.60,4615.63,84297.77,104035.36,54243.84,26839.12,5649.69,21755.03
"Grand Rapids",Weekly,"2020-01-12 00:00:00","Conventional ",1.430000000,183161.26,5848.55,64138.62,49148.25,64025.84,48216.69,6114.16,9694.99
"Grand Rapids",Weekly,"2020-01-05 00:00:00","Conventional ",1.130000000,220500.51,4684.77,83359.20,84719.36,47737.18,27827.45,4958.43,14951.30
"Great Lakes",Weekly,"2020-01-26 00:00:00","Conventional ",0.990000000,4416435.78,760788.49,685319.62,205299.16,2765028.51,2043371.53,682694.51,38962.47
"Great Lakes",Weekly,"2020-01-19 00:00:00","Conventional ",0.910000000,4936833.20,904418.57,1159011.14,493120.76,2380282.73,1680235.90,623997.36,76049.47
"Great Lakes",Weekly,"2020-01-12 00:00:00","Conventional ",0.930000000,4726454.07,981127.81,673015.44,241973.86,2830336.96,2166106.07,617586.29,46644.60
"Great Lakes",Weekly,"2020-01-05 00:00:00","Conventional ",0.890000000,4498529.52,949568.49,880856.09,370879.95,2297224.99,1581935.33,668199.79,47089.87
Harrisburg/Scranton,Weekly,"2020-01-26 00:00:00","Conventional ",0.930000000,403323.15,68397.20,201123.05,771.61,133031.29,107699.55,21273.96,4057.78
Harrisburg/Scranton,Weekly,"2020-01-19 00:00:00","Conventional ",1.010000000,386397.87,75036.54,177894.77,963.35,132503.21,110748.25,17301.62,4453.34
Harrisburg/Scranton,Weekly,"2020-01-12 00:00:00","Conventional ",0.980000000,392328.45,61102.94,185881.78,536.55,144807.18,121206.14,19758.82,3842.22
Harrisburg/Scranton,Weekly,"2020-01-05 00:00:00","Conventional ",0.990000000,394956.19,66879.49,226458.48,598.35,101019.87,81236.56,16452.20,3331.11
Hartford/Springfield,Weekly,"2020-01-26 00:00:00","Conventional ",1.370000000,348108.88,7519.14,254872.55,835.42,84881.77,58984.56,24127.21,1770.00
Hartford/Springfield,Weekly,"2020-01-19 00:00:00","Conventional ",1.390000000,357087.88,8394.92,272171.62,1143.16,75378.18,58441.96,15052.88,1883.34
Hartford/Springfield,Weekly,"2020-01-12 00:00:00","Conventional ",1.410000000,357414.94,7798.07,266175.83,634.64,82806.40,56898.48,24190.15,1717.77
Hartford/Springfield,Weekly,"2020-01-05 00:00:00","Conventional ",1.380000000,395520.35,8256.41,317659.39,713.51,68891.04,48984.24,18413.47,1493.33
Houston,Weekly,"2020-01-26 00:00:00","Conventional ",0.700000000,1365359.58,536849.38,168787.66,1306.17,658416.37,301266.43,344175.15,12974.79
Houston,Weekly,"2020-01-19 00:00:00","Conventional ",0.680000000,1474122.53,514989.56,207755.96,1161.25,750215.76,542119.44,195876.12,12220.20
Houston,Weekly,"2020-01-12 00:00:00","Conventional ",0.700000000,1501410.36,600480.98,226169.56,1302.71,673457.11,307721.52,353461.57,12274.02
Houston,Weekly,"2020-01-05 00:00:00","Conventional ",0.700000000,1441237.76,602142.82,339235.27,1222.90,498636.77,274664.88,213659.44,10312.45
Indianapolis,Weekly,"2020-01-26 00:00:00","Conventional ",0.900000000,279908.91,69234.01,27993.05,4066.17,178615.68,147772.73,29474.43,1368.52
Indianapolis,Weekly,"2020-01-19 00:00:00","Conventional ",0.740000000,331424.49,83627.42,67946.38,5553.27,174297.42,162388.61,11644.11,264.70
Indianapolis,Weekly,"2020-01-12 00:00:00","Conventional ",0.780000000,309427.72,85065.04,27665.70,4050.20,192646.78,183240.08,8292.21,1114.49
Indianapolis,Weekly,"2020-01-05 00:00:00","Conventional ",0.760000000,289110.15,82921.74,40007.70,4887.40,161293.31,151150.46,9542.14,600.71
Jacksonville,Weekly,"2020-01-26 00:00:00","Conventional ",0.910000000,308177.73,109216.78,10557.46,1304.22,187099.27,48546.94,138552.33,0.00
Jacksonville,Weekly,"2020-01-19 00:00:00","Conventional ",0.900000000,303720.63,134659.53,10924.29,1171.82,156964.99,47738.92,109222.74,3.33
Jacksonville,Weekly,"2020-01-12 00:00:00","Conventional ",0.910000000,296838.69,111435.27,10739.60,1030.15,173633.67,106181.58,67452.09,0.00
Jacksonville,Weekly,"2020-01-05 00:00:00","Conventional ",0.900000000,302972.47,133727.65,10458.28,1061.91,157724.63,46967.54,110757.09,0.00
"Las Vegas",Weekly,"2020-01-26 00:00:00","Conventional ",1.050000000,306793.82,68324.14,56618.91,746.98,181103.79,83259.65,97803.01,41.13
"Las Vegas",Weekly,"2020-01-19 00:00:00","Conventional ",0.730000000,527011.95,73866.77,152454.98,804.54,299885.66,97451.41,202399.35,34.90
"Las Vegas",Weekly,"2020-01-12 00:00:00","Conventional ",0.960000000,390807.00,63853.47,51976.55,705.28,274271.70,79962.12,194298.95,10.63
"Las Vegas",Weekly,"2020-01-05 00:00:00","Conventional ",0.920000000,386024.55,62806.47,55204.41,663.88,267349.79,68297.25,197942.54,1110.00
"Los Angeles",Weekly,"2020-01-26 00:00:00","Conventional ",1.140000000,2875214.61,924713.45,67657.52,129678.17,1753165.47,966418.27,630555.66,156191.54
"Los Angeles",Weekly,"2020-01-19 00:00:00","Conventional ",0.940000000,3550567.39,912777.00,94768.97,144701.60,2398319.82,925745.22,1155547.03,317027.57
"Los Angeles",Weekly,"2020-01-12 00:00:00","Conventional ",1.090000000,3125806.23,929495.05,65983.52,106686.72,2023640.94,1035672.99,765986.23,221981.72
"Los Angeles",Weekly,"2020-01-05 00:00:00","Conventional ",1.050000000,3067211.90,913991.69,62160.47,154399.03,1936660.71,970448.74,624012.51,342199.46
Louisville,Weekly,"2020-01-26 00:00:00","Conventional ",0.990000000,131426.15,31673.97,10369.95,92.70,89289.53,65384.58,23904.95,0.00
Louisville,Weekly,"2020-01-19 00:00:00","Conventional ",0.820000000,164601.85,42205.51,20208.21,288.32,101899.81,81295.70,20588.56,15.55
Louisville,Weekly,"2020-01-12 00:00:00","Conventional ",0.800000000,153618.29,47379.72,10750.19,218.51,95269.87,75156.83,20107.74,5.30
Louisville,Weekly,"2020-01-05 00:00:00","Conventional ",0.910000000,133723.06,37889.03,12970.92,235.26,82627.85,63615.48,19005.70,6.67
"Miami/Ft. Lauderdale",Weekly,"2020-01-26 00:00:00","Conventional ",0.910000000,1258435.50,529801.85,43559.31,5362.31,679712.03,167858.07,511840.63,13.33
"Miami/Ft. Lauderdale",Weekly,"2020-01-19 00:00:00","Conventional ",0.920000000,1257729.06,514169.79,37948.22,5544.74,700066.31,145738.94,552614.04,1713.33
"Miami/Ft. Lauderdale",Weekly,"2020-01-12 00:00:00","Conventional ",0.900000000,1243129.55,485948.99,38688.68,4508.81,713983.07,157103.39,556861.91,17.77
"Miami/Ft. Lauderdale",Weekly,"2020-01-05 00:00:00","Conventional ",0.900000000,1285675.89,485437.81,37424.37,4562.05,758251.66,203973.38,554262.06,16.22
Midsouth,Weekly,"2020-01-26 00:00:00","Conventional ",1.050000000,4280577.67,1158028.26,900107.29,20263.37,2202178.75,1498664.37,694687.99,8826.39
Midsouth,Weekly,"2020-01-19 00:00:00","Conventional ",0.980000000,4587929.47,1242617.68,916600.43,18909.85,2409801.51,1839442.77,562314.10,8044.64
Midsouth,Weekly,"2020-01-12 00:00:00","Conventional ",1.020000000,4183793.45,1161391.39,861895.98,20223.30,2140282.78,1548896.35,582323.13,9063.30
Midsouth,Weekly,"2020-01-05 00:00:00","Conventional ",0.970000000,4219760.75,1270816.41,1038403.45,26093.88,1884447.01,1348348.83,529261.39,6836.79
Nashville,Weekly,"2020-01-26 00:00:00","Conventional ",0.820000000,311469.94,130795.42,7401.62,401.17,172871.73,147486.59,24903.99,481.15
Nashville,Weekly,"2020-01-19 00:00:00","Conventional ",0.790000000,345846.03,134780.11,7188.10,309.71,203568.11,179792.47,23234.74,540.90
Nashville,Weekly,"2020-01-12 00:00:00","Conventional ",0.800000000,292711.82,114278.28,7937.44,652.81,169843.29,146086.41,23408.34,348.54
Nashville,Weekly,"2020-01-05 00:00:00","Conventional ",0.820000000,287253.98,117532.70,9292.82,556.25,159872.21,134373.08,25054.95,444.18
"New Orleans/Mobile",Weekly,"2020-01-26 00:00:00","Conventional ",0.830000000,421091.55,199711.95,22535.16,443.00,198401.44,128768.82,59729.29,9903.33
"New Orleans/Mobile",Weekly,"2020-01-19 00:00:00","Conventional ",0.870000000,386974.51,191942.06,19973.68,459.41,174599.36,114261.98,50940.71,9396.67
"New Orleans/Mobile",Weekly,"2020-01-12 00:00:00","Conventional ",0.820000000,366937.73,183926.84,18366.07,408.00,164236.82,112065.29,44188.20,7983.33
"New Orleans/Mobile",Weekly,"2020-01-05 00:00:00","Conventional ",0.860000000,340228.52,173426.91,19824.52,442.00,146535.09,95450.26,43998.17,7086.66
"New York",Weekly,"2020-01-26 00:00:00","Conventional ",1.300000000,1946697.27,38725.73,942684.18,14434.20,949429.94,583119.22,359880.72,6430.00
"New York",Weekly,"2020-01-19 00:00:00","Conventional ",1.360000000,1843608.50,38949.36,1079112.25,17398.89,706692.44,593579.12,106528.88,6584.44
"New York",Weekly,"2020-01-12 00:00:00","Conventional ",1.350000000,1903612.81,33900.28,1014009.73,10300.69,843950.13,572143.42,266543.38,5263.33
"New York",Weekly,"2020-01-05 00:00:00","Conventional ",1.410000000,2295745.27,42892.09,1637672.42,20553.05,593193.11,442704.95,146043.72,4444.44
Northeast,Weekly,"2020-01-26 00:00:00","Conventional ",1.170000000,5740603.31,267576.84,2911488.33,22647.47,2537467.45,1396662.94,1109013.39,31791.12
Northeast,Weekly,"2020-01-19 00:00:00","Conventional ",1.180000000,5975029.33,312992.32,3515327.71,26873.58,2118380.16,1447259.14,640531.02,30590.00
Northeast,Weekly,"2020-01-12 00:00:00","Conventional ",1.210000000,5687105.50,267172.78,3142613.70,16292.63,2259574.41,1466426.10,766878.31,26270.00
Northeast,Weekly,"2020-01-05 00:00:00","Conventional ",1.200000000,6470709.45,264198.91,4465458.53,26013.54,1713603.87,1047398.20,642558.99,23646.68
"Northern New England",Weekly,"2020-01-26 00:00:00","Conventional ",1.110000000,574653.44,10616.87,363518.07,372.69,200145.81,26888.96,172463.52,793.33
"Northern New England",Weekly,"2020-01-19 00:00:00","Conventional ",0.920000000,839194.81,12697.77,683656.47,430.47,142410.10,33420.70,108179.40,810.00
"Northern New England",Weekly,"2020-01-12 00:00:00","Conventional ",1.140000000,568595.44,8995.86,427426.93,275.58,131897.07,26763.69,104230.04,903.34
"Northern New England",Weekly,"2020-01-05 00:00:00","Conventional ",0.830000000,834766.42,8912.66,709765.25,279.03,115809.48,24697.63,90358.51,753.34
Orlando,Weekly,"2020-01-26 00:00:00","Conventional ",0.890000000,724667.83,277791.74,18465.59,4545.40,423865.10,123911.11,299880.65,73.34
Orlando,Weekly,"2020-01-19 00:00:00","Conventional ",0.880000000,714427.97,295778.56,18589.58,5894.80,394165.03,159019.90,231655.13,3490.00
Orlando,Weekly,"2020-01-12 00:00:00","Conventional ",0.890000000,694537.68,271593.60,16784.15,4421.98,401737.95,109844.46,291890.16,3.33
Orlando,Weekly,"2020-01-05 00:00:00","Conventional ",0.870000000,705584.26,267137.07,17851.10,5212.13,415383.96,120977.82,294391.74,14.40
Philadelphia,Weekly,"2020-01-26 00:00:00","Conventional ",1.030000000,646555.45,23915.05,309095.71,2099.74,311444.95,246806.37,59107.47,5531.11
Philadelphia,Weekly,"2020-01-19 00:00:00","Conventional ",1.160000000,591127.21,24657.77,301450.99,2426.88,262591.57,225781.30,30874.72,5935.55
Philadelphia,Weekly,"2020-01-12 00:00:00","Conventional ",1.160000000,619887.76,23812.85,311515.25,1537.43,283022.23,220758.85,57461.16,4802.22
Philadelphia,Weekly,"2020-01-05 00:00:00","Conventional ",1.170000000,674360.75,27557.45,435201.12,1941.28,209660.90,167674.04,37852.42,4134.44
Phoenix/Tucson,Weekly,"2020-01-26 00:00:00","Conventional ",0.920000000,1090571.62,286063.50,271785.46,4596.26,528126.40,230025.40,297964.64,136.36
Phoenix/Tucson,Weekly,"2020-01-19 00:00:00","Conventional ",0.660000000,1671959.19,422653.40,421551.91,3866.54,823887.34,254012.13,569798.21,77.00
Phoenix/Tucson,Weekly,"2020-01-12 00:00:00","Conventional ",0.680000000,1634363.86,564892.66,259827.18,5325.75,804318.27,204252.60,600036.36,29.31
Phoenix/Tucson,Weekly,"2020-01-05 00:00:00","Conventional ",0.750000000,1370165.65,405368.53,247617.44,4964.07,712215.61,191065.36,517900.25,3250.00
Pittsburgh,Weekly,"2020-01-26 00:00:00","Conventional ",1.260000000,121952.43,42351.95,7941.00,511.44,71148.04,29567.38,41580.66,0.00
Pittsburgh,Weekly,"2020-01-19 00:00:00","Conventional ",0.970000000,162854.91,64478.01,10568.71,465.69,87342.50,55742.59,31596.58,3.33
Pittsburgh,Weekly,"2020-01-12 00:00:00","Conventional ",0.960000000,164531.75,58094.52,10231.91,578.10,95627.22,40112.21,55508.35,6.66
Pittsburgh,Weekly,"2020-01-05 00:00:00","Conventional ",1.200000000,112236.27,38021.03,7697.27,526.70,65991.27,31537.10,34454.17,0.00
Plains,Weekly,"2020-01-26 00:00:00","Conventional ",1.070000000,2093830.47,844831.73,384125.85,4486.83,860386.06,636187.80,167759.90,56438.36
Plains,Weekly,"2020-01-19 00:00:00","Conventional ",1.000000000,2312838.51,856531.78,620491.56,26808.65,809006.52,593633.40,169168.76,46204.36
Plains,Weekly,"2020-01-12 00:00:00","Conventional ",1.020000000,2316308.22,939605.26,462153.93,19078.03,895471.00,667953.94,169857.60,57659.46
Plains,Weekly,"2020-01-05 00:00:00","Conventional ",0.990000000,2295027.35,989571.37,467579.53,21781.13,816095.32,645846.38,126099.96,44148.98
Portland,Weekly,"2020-01-26 00:00:00","Conventional ",1.160000000,666539.67,79435.65,81910.29,3031.25,502162.48,283592.72,195826.93,22742.83
Portland,Weekly,"2020-01-19 00:00:00","Conventional ",0.940000000,816554.00,71045.54,114593.41,3695.22,627219.83,374509.98,233140.45,19569.40
Portland,Weekly,"2020-01-12 00:00:00","Conventional ",1.010000000,883330.82,68448.30,139837.40,4618.47,670426.65,291028.81,354099.97,25297.87
Portland,Weekly,"2020-01-05 00:00:00","Conventional ",0.970000000,918027.06,66293.24,139520.08,4122.89,708090.85,294784.59,394326.55,18979.71
Raleigh/Greensboro,Weekly,"2020-01-26 00:00:00","Conventional ",1.060000000,418324.57,150345.29,56879.49,5119.19,205980.60,132739.33,73234.60,6.67
Raleigh/Greensboro,Weekly,"2020-01-19 00:00:00","Conventional ",0.950000000,482966.65,153919.05,59788.23,4956.27,264303.10,194915.14,69374.63,13.33
Raleigh/Greensboro,Weekly,"2020-01-12 00:00:00","Conventional ",1.070000000,419458.91,141189.97,63114.51,5028.83,210125.60,136326.73,73798.87,0.00
Raleigh/Greensboro,Weekly,"2020-01-05 00:00:00","Conventional ",1.020000000,427144.26,160235.91,71978.87,6092.39,188837.09,121597.85,67233.45,5.79
Richmond/Norfolk,Weekly,"2020-01-26 00:00:00","Conventional ",0.950000000,341373.38,94221.94,58904.56,1212.49,187034.39,136901.00,49837.09,296.30
Richmond/Norfolk,Weekly,"2020-01-19 00:00:00","Conventional ",0.880000000,376193.89,107816.99,68807.30,1255.81,198313.79,151857.57,46159.94,296.28
Richmond/Norfolk,Weekly,"2020-01-12 00:00:00","Conventional ",0.890000000,362789.16,105287.81,57301.96,1249.42,198949.97,156402.59,42127.38,420.00
Richmond/Norfolk,Weekly,"2020-01-05 00:00:00","Conventional ",0.830000000,364862.36,128690.17,66560.76,1749.73,167861.70,129909.29,37532.55,419.86
Roanoke,Weekly,"2020-01-26 00:00:00","Conventional ",0.960000000,196648.62,58749.65,24316.36,44.68,113537.93,75734.57,37636.69,166.67
Roanoke,Weekly,"2020-01-19 00:00:00","Conventional ",0.850000000,218368.11,71146.87,25639.78,20.86,121560.60,84105.88,37251.39,203.33
Roanoke,Weekly,"2020-01-12 00:00:00","Conventional ",0.800000000,233067.94,71208.96,24471.22,63.71,137324.05,104593.21,32517.51,213.33
Roanoke,Weekly,"2020-01-05 00:00:00","Conventional ",0.800000000,217201.63,77539.77,27623.64,149.73,111888.49,81384.77,30413.72,90.00
Sacramento,Weekly,"2020-01-26 00:00:00","Conventional ",1.350000000,460668.56,132427.23,164131.90,4037.09,160072.34,94779.96,56944.31,8348.07
Sacramento,Weekly,"2020-01-19 00:00:00","Conventional ",1.180000000,562968.36,158091.61,263273.45,4856.45,136746.85,75383.49,54064.73,7298.63
Sacramento,Weekly,"2020-01-12 00:00:00","Conventional ",1.200000000,543009.72,168802.44,199058.96,3190.24,171958.08,76874.73,90888.16,4195.19
Sacramento,Weekly,"2020-01-05 00:00:00","Conventional ",1.140000000,577695.32,163291.93,254290.12,4881.29,155231.98,82079.62,65984.57,7167.79
"San Diego",Weekly,"2020-01-26 00:00:00","Conventional ",1.130000000,529787.84,100890.97,24514.03,10088.47,394294.37,181695.42,210293.82,2305.13
"San Diego",Weekly,"2020-01-19 00:00:00","Conventional ",0.810000000,724159.97,100446.42,46673.45,12355.76,564684.34,169401.60,392659.45,2623.29
"San Diego",Weekly,"2020-01-12 00:00:00","Conventional ",1.050000000,591414.23,108558.77,25763.93,9620.63,447470.90,209355.50,236592.33,1523.07
"San Diego",Weekly,"2020-01-05 00:00:00","Conventional ",1.100000000,572790.32,96057.16,23118.10,13496.82,440118.24,195744.53,241707.76,2665.95
"San Francisco",Weekly,"2020-01-26 00:00:00","Conventional ",1.530000000,824772.00,212833.51,207949.06,9307.98,394681.45,152609.57,228560.97,13510.91
"San Francisco",Weekly,"2020-01-19 00:00:00","Conventional ",1.500000000,887496.47,234478.13,297295.17,8429.31,347293.86,124746.65,211490.73,11056.48
"San Francisco",Weekly,"2020-01-12 00:00:00","Conventional ",1.170000000,1043794.72,307874.92,288178.81,4931.63,442809.36,123073.26,313754.66,5981.44
"San Francisco",Weekly,"2020-01-05 00:00:00","Conventional ",1.340000000,950897.52,286755.38,253260.33,7002.97,403878.84,151550.85,242818.59,9509.40
Seattle,Weekly,"2020-01-26 00:00:00","Conventional ",1.290000000,590965.00,78190.01,68457.19,509.05,443808.75,266128.82,177129.42,550.51
Seattle,Weekly,"2020-01-19 00:00:00","Conventional ",1.140000000,692560.66,76662.18,89966.85,1568.13,524363.50,301806.86,222138.76,417.88
Seattle,Weekly,"2020-01-12 00:00:00","Conventional ",1.300000000,804411.53,73007.54,132163.39,1514.24,597726.36,255448.37,341765.39,512.60
Seattle,Weekly,"2020-01-05 00:00:00","Conventional ",1.240000000,747999.68,72422.61,102444.37,1259.12,571873.58,259590.57,310894.43,1388.58
"South Carolina",Weekly,"2020-01-26 00:00:00","Conventional ",0.980000000,538876.13,230536.37,45162.59,1659.94,261517.23,169335.29,91637.58,544.36
"South Carolina",Weekly,"2020-01-19 00:00:00","Conventional ",0.930000000,567618.45,232085.61,44554.61,1669.07,289309.16,206891.28,81906.64,511.24
"South Carolina",Weekly,"2020-01-12 00:00:00","Conventional ",0.970000000,532531.30,207443.79,50098.42,1718.33,273270.76,203612.47,69021.63,636.66
"South Carolina",Weekly,"2020-01-05 00:00:00","Conventional ",0.940000000,524843.87,218942.90,49044.57,1976.57,254879.83,181382.18,72919.47,578.18
"South Central",Weekly,"2020-01-26 00:00:00","Conventional ",0.740000000,7604293.71,3274193.28,733216.67,114494.03,3482389.73,2262456.00,1122078.83,97854.90
"South Central",Weekly,"2020-01-19 00:00:00","Conventional ",0.710000000,7842400.44,3150293.39,940332.89,114453.82,3637320.34,2424268.35,1118513.15,94538.84
"South Central",Weekly,"2020-01-12 00:00:00","Conventional ",0.760000000,7817259.43,3140424.45,960514.54,116391.72,3599928.72,1977884.57,1531260.37,90783.78
"South Central",Weekly,"2020-01-05 00:00:00","Conventional ",0.760000000,7369854.16,3160394.08,1100031.65,119381.44,2990046.99,1833627.20,1076354.50,80065.29
Southeast,Weekly,"2020-01-26 00:00:00","Conventional ",0.910000000,6644847.77,2854105.63,267083.74,24291.37,3499367.03,1511513.93,1976054.08,11799.02
Southeast,Weekly,"2020-01-19 00:00:00","Conventional ",0.890000000,6618860.55,2869057.07,250687.67,27320.35,3471795.46,1624405.70,1822633.73,24756.03
Southeast,Weekly,"2020-01-12 00:00:00","Conventional ",0.900000000,6501470.18,2676011.65,262363.37,21512.79,3541582.37,1645930.79,1884309.58,11342.00
Southeast,Weekly,"2020-01-05 00:00:00","Conventional ",0.890000000,6509409.44,2671177.17,260412.62,24024.40,3553795.25,1572503.02,1972748.21,8544.02
Spokane,Weekly,"2020-01-26 00:00:00","Conventional ",1.100000000,108653.22,19688.35,10064.09,36.24,78864.54,51649.32,27165.28,49.94
Spokane,Weekly,"2020-01-19 00:00:00","Conventional ",0.960000000,120472.58,18065.10,12686.28,87.14,89634.06,57008.38,32566.23,59.45
Spokane,Weekly,"2020-01-12 00:00:00","Conventional ",1.110000000,121910.14,17230.22,16545.99,113.30,88020.63,46850.74,41117.35,52.54
Spokane,Weekly,"2020-01-05 00:00:00","Conventional ",1.030000000,117502.84,18331.54,14483.83,113.94,84573.53,41424.03,43093.33,56.17
"St. Louis",Weekly,"2020-01-26 00:00:00","Conventional ",1.150000000,214579.42,94993.52,10971.76,262.39,108351.75,92014.60,8526.64,7810.51
"St. Louis",Weekly,"2020-01-19 00:00:00","Conventional ",1.170000000,191237.93,83907.77,10628.57,830.55,95871.04,83427.42,6680.39,5763.23
"St. Louis",Weekly,"2020-01-12 00:00:00","Conventional ",1.130000000,198308.63,99654.91,9757.81,631.77,88264.14,72845.39,6835.60,8583.15
"St. Louis",Weekly,"2020-01-05 00:00:00","Conventional ",1.010000000,223047.22,116196.20,9039.14,608.48,97203.40,88890.39,1919.68,6393.33
Syracuse,Weekly,"2020-01-26 00:00:00","Conventional ",1.020000000,104440.05,3398.34,41258.17,114.00,59669.54,23117.72,34716.26,1835.56
Syracuse,Weekly,"2020-01-19 00:00:00","Conventional ",1.030000000,112245.09,3956.36,53402.15,125.00,54761.58,22242.92,31043.11,1475.55
Syracuse,Weekly,"2020-01-12 00:00:00","Conventional ",0.990000000,102508.91,3486.36,47438.09,74.00,51510.46,32655.35,17055.11,1800.00
Syracuse,Weekly,"2020-01-05 00:00:00","Conventional ",1.050000000,105873.63,3971.33,64966.36,77.50,36858.44,12854.24,22603.09,1401.11
Tampa,Weekly,"2020-01-26 00:00:00","Conventional ",0.880000000,784980.23,288577.35,24114.87,3208.34,469079.67,129017.51,339682.16,380.00
Tampa,Weekly,"2020-01-19 00:00:00","Conventional ",0.870000000,793065.51,312527.84,21433.87,3596.41,455507.39,131903.20,316977.53,6626.66
Tampa,Weekly,"2020-01-12 00:00:00","Conventional ",0.890000000,739108.24,265846.04,20670.83,2238.00,450353.37,101732.85,348620.52,0.00
Tampa,Weekly,"2020-01-05 00:00:00","Conventional ",0.870000000,775191.50,268346.69,21272.19,3442.82,482129.80,105418.60,376708.18,3.02
"Total U.S.",Weekly,"2020-01-26 00:00:00","Conventional ",1.010000000,43938472.70,12635230.46,7658265.98,611401.15,23032151.89,13202402.01,9280522.43,549227.45
"Total U.S.",Weekly,"2020-01-19 00:00:00","Conventional ",0.930000000,48534972.05,13102979.33,10072454.62,949386.10,24408696.44,13606025.69,10056820.22,745850.53
"Total U.S.",Weekly,"2020-01-12 00:00:00","Conventional ",0.970000000,46524778.83,13223759.25,8444074.44,627869.92,24227623.24,13241643.55,10377040.43,608939.26
"Total U.S.",Weekly,"2020-01-05 00:00:00","Conventional ",0.970000000,46310705.72,13036248.61,10416874.46,845596.08,22010551.97,11649671.54,9670934.96,689945.47
West,Weekly,"2020-01-26 00:00:00","Conventional ",1.030000000,7098259.39,1636537.79,1025561.51,44906.90,4391253.19,2150770.93,2146341.06,94141.20
West,Weekly,"2020-01-19 00:00:00","Conventional ",0.840000000,8909723.64,1858611.44,1539495.38,47106.46,5464510.36,2449996.84,2930956.20,83557.32
West,Weekly,"2020-01-12 00:00:00","Conventional ",0.950000000,8342303.66,1977859.92,1139513.99,49895.57,5175034.18,2047545.41,3027684.69,99804.08
West,Weekly,"2020-01-05 00:00:00","Conventional ",0.940000000,8218538.09,1727612.58,1234982.58,51849.45,5204093.48,1928928.76,3207217.50,67947.22
"West Tex/New Mexico",Weekly,"2020-01-26 00:00:00","Conventional ",0.880000000,915939.36,386133.61,59456.57,63762.77,406586.41,271875.34,133947.66,763.41
"West Tex/New Mexico",Weekly,"2020-01-19 00:00:00","Conventional ",0.790000000,1047282.64,377986.92,107342.01,62648.36,499305.35,256715.20,241676.60,913.55
"West Tex/New Mexico",Weekly,"2020-01-12 00:00:00","Conventional ",0.830000000,1036010.46,363081.94,62107.29,62042.89,548778.34,264735.78,282487.62,1554.94
"West Tex/New Mexico",Weekly,"2020-01-05 00:00:00","Conventional ",0.880000000,893503.74,379712.27,64232.94,63749.67,385808.86,243487.35,141191.30,1130.21
Albany,Weekly,"2020-01-26 00:00:00",Organic,1.550000000,2903.36,116.26,272.80,0.00,2514.30,1458.83,1055.47,0.00
Albany,Weekly,"2020-01-19 00:00:00",Organic,1.510000000,2558.84,422.70,230.23,0.00,1905.91,889.44,1016.47,0.00
Albany,Weekly,"2020-01-12 00:00:00",Organic,1.480000000,2441.56,25.89,209.19,0.00,2206.48,974.05,1232.43,0.00
Albany,Weekly,"2020-01-05 00:00:00",Organic,1.470000000,2152.91,20.57,192.36,0.00,1939.98,1024.54,915.44,0.00
Atlanta,Weekly,"2020-01-26 00:00:00",Organic,1.300000000,35831.03,145.01,3559.30,0.00,32126.72,24631.52,7495.20,0.00
Atlanta,Weekly,"2020-01-19 00:00:00",Organic,1.170000000,33132.53,88.24,4575.57,0.00,28468.72,14435.25,14033.47,0.00
Atlanta,Weekly,"2020-01-12 00:00:00",Organic,1.230000000,37789.06,165.65,4420.06,0.00,33203.35,17844.09,15359.26,0.00
Atlanta,Weekly,"2020-01-05 00:00:00",Organic,1.330000000,30540.92,104.01,3734.17,0.00,26702.74,14142.49,12560.25,0.00
Baltimore/Washington,Weekly,"2020-01-26 00:00:00",Organic,1.180000000,56441.76,249.48,3815.77,3.98,52372.53,51627.99,744.54,0.00
Baltimore/Washington,Weekly,"2020-01-19 00:00:00",Organic,1.120000000,54481.45,422.62,4339.01,15.89,49703.93,49222.29,481.64,0.00
Baltimore/Washington,Weekly,"2020-01-12 00:00:00",Organic,1.240000000,47889.12,233.32,3970.32,18.59,43666.89,42666.78,1000.11,0.00
Baltimore/Washington,Weekly,"2020-01-05 00:00:00",Organic,1.360000000,40369.81,297.61,4101.04,10.59,35960.57,33900.82,2059.75,0.00
Boise,Weekly,"2020-01-26 00:00:00",Organic,1.620000000,3605.88,1.35,850.90,0.00,2753.63,1549.73,1182.89,21.01
Boise,Weekly,"2020-01-19 00:00:00",Organic,1.480000000,3442.53,0.00,475.22,0.00,2967.31,961.44,2002.88,2.99
Boise,Weekly,"2020-01-12 00:00:00",Organic,1.620000000,4308.86,6.69,599.67,0.00,3702.50,2173.57,1528.93,0.00
Boise,Weekly,"2020-01-05 00:00:00",Organic,1.950000000,5494.54,2.67,583.05,0.00,4908.82,4188.36,720.46,0.00
Boston,Weekly,"2020-01-26 00:00:00",Organic,1.700000000,26924.97,915.01,1539.80,0.00,24470.16,21847.35,2622.81,0.00
Boston,Weekly,"2020-01-19 00:00:00",Organic,1.750000000,24722.07,105.20,1574.12,0.00,23042.75,17754.72,5288.03,0.00
Boston,Weekly,"2020-01-12 00:00:00",Organic,1.610000000,26799.10,45.08,1420.61,0.00,25333.41,19780.82,5552.59,0.00
Boston,Weekly,"2020-01-05 00:00:00",Organic,1.700000000,23220.06,100.46,1850.27,0.00,21269.33,15568.07,5701.26,0.00
Buffalo/Rochester,Weekly,"2020-01-26 00:00:00",Organic,1.310000000,9885.01,414.89,142.72,0.00,9327.40,5018.91,4308.49,0.00
Buffalo/Rochester,Weekly,"2020-01-19 00:00:00",Organic,1.240000000,11212.74,450.39,154.48,0.00,10607.87,2266.55,8341.32,0.00
Buffalo/Rochester,Weekly,"2020-01-12 00:00:00",Organic,1.130000000,11568.34,589.81,175.08,0.00,10803.45,2515.19,8288.26,0.00
Buffalo/Rochester,Weekly,"2020-01-05 00:00:00",Organic,1.130000000,12334.86,463.19,186.86,0.00,11684.81,2618.03,9066.78,0.00
California,Weekly,"2020-01-26 00:00:00",Organic,1.750000000,290987.46,20259.32,14072.51,0.00,256655.63,219141.89,37513.74,0.00
California,Weekly,"2020-01-19 00:00:00",Organic,1.840000000,320402.89,27195.67,15838.31,1.61,277367.30,221205.50,56161.80,0.00
California,Weekly,"2020-01-12 00:00:00",Organic,1.830000000,316541.21,29175.55,16856.82,0.00,270508.84,212195.56,58313.28,0.00
California,Weekly,"2020-01-05 00:00:00",Organic,1.710000000,293342.89,24387.15,16999.51,0.00,251956.23,210545.95,41410.28,0.00
Charlotte,Weekly,"2020-01-26 00:00:00",Organic,1.680000000,14841.13,173.46,3983.25,67.46,10616.96,7445.83,3171.13,0.00
Charlotte,Weekly,"2020-01-19 00:00:00",Organic,1.600000000,14710.80,128.78,3690.57,59.34,10832.11,4325.76,6506.35,0.00
Charlotte,Weekly,"2020-01-12 00:00:00",Organic,1.660000000,13131.17,13.35,3780.85,71.86,9265.11,4520.35,4744.76,0.00
Charlotte,Weekly,"2020-01-05 00:00:00",Organic,1.500000000,17694.92,13.50,3954.94,39.99,13686.49,6703.19,6983.30,0.00
Chicago,Weekly,"2020-01-26 00:00:00",Organic,1.520000000,19211.02,328.59,4606.77,0.00,14275.66,14083.07,192.59,0.00
Chicago,Weekly,"2020-01-19 00:00:00",Organic,1.510000000,68483.87,1157.38,8004.70,0.00,59302.48,58845.79,456.69,0.00
Chicago,Weekly,"2020-01-12 00:00:00",Organic,1.540000000,111494.93,1927.63,14216.71,0.00,95350.59,91791.56,3559.03,0.00
Chicago,Weekly,"2020-01-05 00:00:00",Organic,1.110000000,126287.98,2199.43,29062.22,0.00,95026.33,90095.37,4930.96,0.00
Cincinnati/Dayton,Weekly,"2020-01-26 00:00:00",Organic,1.260000000,25846.73,85.86,2160.98,0.00,23599.89,17080.55,6519.34,0.00
Cincinnati/Dayton,Weekly,"2020-01-19 00:00:00",Organic,1.090000000,35235.94,113.40,2681.76,0.00,32440.78,19056.77,13384.01,0.00
Cincinnati/Dayton,Weekly,"2020-01-12 00:00:00",Organic,1.080000000,24158.49,119.21,3448.59,0.00,20590.69,5940.61,14650.08,0.00
Cincinnati/Dayton,Weekly,"2020-01-05 00:00:00",Organic,1.200000000,19579.10,81.88,3376.36,0.00,16120.86,2181.13,13939.73,0.00
Columbus,Weekly,"2020-01-26 00:00:00",Organic,1.070000000,24200.19,455.64,952.36,0.00,22792.19,19513.10,3279.09,0.00
Columbus,Weekly,"2020-01-19 00:00:00",Organic,0.960000000,17676.94,655.34,1362.19,0.00,15659.41,11806.52,3852.89,0.00
Columbus,Weekly,"2020-01-12 00:00:00",Organic,1.170000000,17117.41,442.75,1891.56,0.00,14783.10,7839.49,6943.61,0.00
Columbus,Weekly,"2020-01-05 00:00:00",Organic,1.190000000,15200.51,571.06,1526.58,0.00,13102.87,6368.04,6734.83,0.00
"Dallas/Ft. Worth",Weekly,"2020-01-26 00:00:00",Organic,1.230000000,36624.89,5398.90,48.44,316.37,30861.18,17788.01,13073.17,0.00
"Dallas/Ft. Worth",Weekly,"2020-01-19 00:00:00",Organic,1.270000000,37051.88,3837.75,64.37,353.87,32795.89,20772.56,12023.33,0.00
"Dallas/Ft. Worth",Weekly,"2020-01-12 00:00:00",Organic,1.290000000,37496.97,3554.67,76.76,350.79,33514.75,21078.08,12436.67,0.00
"Dallas/Ft. Worth",Weekly,"2020-01-05 00:00:00",Organic,1.250000000,33244.00,3355.85,62.46,248.38,29577.31,19540.64,10036.67,0.00
Denver,Weekly,"2020-01-26 00:00:00",Organic,1.220000000,66422.11,8719.15,1736.76,0.00,55966.20,55721.51,244.69,0.00
Denver,Weekly,"2020-01-19 00:00:00",Organic,0.940000000,184687.76,33617.38,2664.95,0.00,148405.43,147640.43,765.00,0.00
Denver,Weekly,"2020-01-12 00:00:00",Organic,1.050000000,175557.89,29102.47,2712.47,7.10,143735.85,143030.68,705.17,0.00
Denver,Weekly,"2020-01-05 00:00:00",Organic,1.500000000,37216.76,7909.30,1285.84,11.81,28009.81,27916.66,93.15,0.00
Detroit,Weekly,"2020-01-26 00:00:00",Organic,1.150000000,30744.51,441.25,2112.02,0.00,28191.24,21986.87,6204.37,0.00
Detroit,Weekly,"2020-01-19 00:00:00",Organic,0.980000000,37159.25,768.78,2462.57,0.00,33927.90,25492.45,8435.45,0.00
Detroit,Weekly,"2020-01-12 00:00:00",Organic,1.350000000,34817.30,1652.65,4019.23,0.00,29142.49,12863.85,16278.64,0.00
Detroit,Weekly,"2020-01-05 00:00:00",Organic,1.310000000,32078.09,353.52,4662.66,0.00,27061.91,11217.28,15844.63,0.00
"Grand Rapids",Weekly,"2020-01-26 00:00:00",Organic,0.850000000,17958.91,14.12,1081.36,0.00,16863.43,16857.16,6.27,0.00
"Grand Rapids",Weekly,"2020-01-19 00:00:00",Organic,1.260000000,6001.24,2.00,992.33,0.00,5006.91,4914.64,92.27,0.00
"Grand Rapids",Weekly,"2020-01-12 00:00:00",Organic,1.240000000,8352.56,10.87,1585.57,0.00,6756.12,6712.27,43.85,0.00
"Grand Rapids",Weekly,"2020-01-05 00:00:00",Organic,1.260000000,8158.28,11.46,2190.09,0.00,5956.73,5878.39,78.34,0.00
"Great Lakes",Weekly,"2020-01-26 00:00:00",Organic,1.160000000,237532.71,4135.70,17574.93,0.00,215806.89,184643.00,31163.89,0.00
"Great Lakes",Weekly,"2020-01-19 00:00:00",Organic,1.180000000,280264.36,8031.67,23300.86,78.76,248798.30,203024.91,45773.39,0.00
"Great Lakes",Weekly,"2020-01-12 00:00:00",Organic,1.340000000,300004.17,7315.27,35011.14,46.26,257602.48,190024.71,67577.77,0.00
"Great Lakes",Weekly,"2020-01-05 00:00:00",Organic,1.170000000,300121.53,6051.63,50497.61,0.00,243537.01,176156.83,67380.18,0.00
Harrisburg/Scranton,Weekly,"2020-01-26 00:00:00",Organic,1.010000000,20504.03,411.54,409.97,0.00,19682.52,19469.94,212.58,0.00
Harrisburg/Scranton,Weekly,"2020-01-19 00:00:00",Organic,0.920000000,24327.57,1043.36,426.44,0.00,22857.77,22843.31,14.46,0.00
Harrisburg/Scranton,Weekly,"2020-01-12 00:00:00",Organic,1.060000000,17591.57,533.12,289.61,0.00,16768.84,16435.84,333.00,0.00
Harrisburg/Scranton,Weekly,"2020-01-05 00:00:00",Organic,1.210000000,11579.85,582.73,372.14,0.00,10624.98,10419.84,205.14,0.00
Hartford/Springfield,Weekly,"2020-01-26 00:00:00",Organic,2.060000000,12936.58,581.36,5950.85,0.00,6404.37,6277.50,126.87,0.00
Hartford/Springfield,Weekly,"2020-01-19 00:00:00",Organic,1.820000000,16669.09,1848.86,9995.81,0.00,4824.42,4522.13,302.29,0.00
Hartford/Springfield,Weekly,"2020-01-12 00:00:00",Organic,2.040000000,12158.92,623.19,6726.40,0.00,4809.33,4725.83,83.50,0.00
Hartford/Springfield,Weekly,"2020-01-05 00:00:00",Organic,2.000000000,12614.08,588.78,7150.78,8.46,4866.06,4808.11,57.95,0.00
Houston,Weekly,"2020-01-26 00:00:00",Organic,1.610000000,11980.38,3033.17,34.94,0.00,8912.27,8912.27,0.00,0.00
Houston,Weekly,"2020-01-19 00:00:00",Organic,1.530000000,13752.43,2395.67,27.05,0.00,11329.71,11329.71,0.00,0.00
Houston,Weekly,"2020-01-12 00:00:00",Organic,1.530000000,21093.88,6518.18,26.80,0.00,14548.90,14548.90,0.00,0.00
Houston,Weekly,"2020-01-05 00:00:00",Organic,1.590000000,16699.15,10327.96,31.00,0.00,6340.19,6340.19,0.00,0.00
Indianapolis,Weekly,"2020-01-26 00:00:00",Organic,1.320000000,9568.75,252.49,810.91,0.00,8505.35,5345.85,3159.50,0.00
Indianapolis,Weekly,"2020-01-19 00:00:00",Organic,1.080000000,13658.65,260.83,1083.83,0.00,12313.99,8264.51,4049.48,0.00
Indianapolis,Weekly,"2020-01-12 00:00:00",Organic,1.130000000,11253.50,249.23,1188.12,0.00,9816.15,5430.87,4385.28,0.00
Indianapolis,Weekly,"2020-01-05 00:00:00",Organic,1.230000000,8698.99,185.29,1260.70,0.00,7253.00,2829.33,4423.67,0.00
Jacksonville,Weekly,"2020-01-26 00:00:00",Organic,1.190000000,3554.03,59.80,204.23,0.00,3290.00,3290.00,0.00,0.00
Jacksonville,Weekly,"2020-01-19 00:00:00",Organic,1.200000000,3394.66,46.63,179.88,0.00,3168.15,3141.10,27.05,0.00
Jacksonville,Weekly,"2020-01-12 00:00:00",Organic,1.200000000,3146.34,64.78,175.45,0.00,2906.11,2891.11,15.00,0.00
Jacksonville,Weekly,"2020-01-05 00:00:00",Organic,1.210000000,2794.63,54.17,175.20,0.00,2565.26,2523.33,41.93,0.00
"Las Vegas",Weekly,"2020-01-26 00:00:00",Organic,1.510000000,13529.68,1520.33,471.59,0.00,11537.76,10246.07,1291.69,0.00
"Las Vegas",Weekly,"2020-01-19 00:00:00",Organic,1.340000000,13413.17,1589.90,875.54,0.00,10947.73,10836.94,110.79,0.00
"Las Vegas",Weekly,"2020-01-12 00:00:00",Organic,1.360000000,12324.71,1319.86,470.01,0.00,10534.84,9141.19,1393.65,0.00
"Las Vegas",Weekly,"2020-01-05 00:00:00",Organic,1.300000000,16064.45,1898.51,565.45,0.00,13600.49,12031.30,1569.19,0.00
"Los Angeles",Weekly,"2020-01-26 00:00:00",Organic,1.640000000,131989.56,10736.93,1881.37,0.00,119371.26,95170.54,24200.72,0.00
"Los Angeles",Weekly,"2020-01-19 00:00:00",Organic,1.800000000,149635.06,12823.78,1999.56,1.62,134810.10,100415.81,34394.29,0.00
"Los Angeles",Weekly,"2020-01-12 00:00:00",Organic,1.780000000,151586.44,15641.55,1962.30,0.00,133982.59,98496.80,35485.79,0.00
"Los Angeles",Weekly,"2020-01-05 00:00:00",Organic,1.560000000,123537.29,13617.74,2064.03,0.00,107855.52,84073.47,23782.05,0.00
Louisville,Weekly,"2020-01-26 00:00:00",Organic,1.290000000,6063.20,0.00,677.55,0.00,5385.65,3877.31,1508.34,0.00
Louisville,Weekly,"2020-01-19 00:00:00",Organic,1.120000000,4461.15,0.00,755.47,0.00,3705.68,2069.42,1636.26,0.00
Louisville,Weekly,"2020-01-12 00:00:00",Organic,1.050000000,8423.95,0.00,968.70,0.00,7455.25,4102.97,3352.28,0.00
Louisville,Weekly,"2020-01-05 00:00:00",Organic,0.920000000,11720.86,0.00,1125.00,0.00,10595.86,7495.50,3100.36,0.00
"Miami/Ft. Lauderdale",Weekly,"2020-01-26 00:00:00",Organic,1.180000000,10938.61,674.17,0.00,0.00,10264.44,10264.44,0.00,0.00
"Miami/Ft. Lauderdale",Weekly,"2020-01-19 00:00:00",Organic,1.180000000,10393.73,447.49,2.91,0.00,9943.33,9943.33,0.00,0.00
"Miami/Ft. Lauderdale",Weekly,"2020-01-12 00:00:00",Organic,1.180000000,11472.65,520.85,2.91,0.00,10948.89,10948.89,0.00,0.00
"Miami/Ft. Lauderdale",Weekly,"2020-01-05 00:00:00",Organic,1.190000000,10196.25,627.89,7.25,0.00,9561.11,9561.11,0.00,0.00
Midsouth,Weekly,"2020-01-26 00:00:00",Organic,1.390000000,219646.26,2716.73,26877.31,436.93,189615.29,166216.12,23399.17,0.00
Midsouth,Weekly,"2020-01-19 00:00:00",Organic,1.370000000,199667.06,2811.93,28829.12,477.68,167548.33,128948.07,38600.26,0.00
Midsouth,Weekly,"2020-01-12 00:00:00",Organic,1.340000000,219745.34,1021.41,29845.14,291.67,188587.12,138326.69,50260.43,0.00
Midsouth,Weekly,"2020-01-05 00:00:00",Organic,1.240000000,244521.86,770.96,28279.60,177.28,215294.02,167039.79,48254.23,0.00
Nashville,Weekly,"2020-01-26 00:00:00",Organic,1.460000000,11378.93,84.15,1016.70,0.00,10278.08,7498.33,2779.75,0.00
Nashville,Weekly,"2020-01-19 00:00:00",Organic,1.260000000,11348.07,47.44,1226.89,0.00,10073.74,5401.94,4671.80,0.00
Nashville,Weekly,"2020-01-12 00:00:00",Organic,1.220000000,18870.64,34.51,1826.84,0.00,17009.29,7822.15,9187.14,0.00
Nashville,Weekly,"2020-01-05 00:00:00",Organic,1.140000000,19720.43,76.88,1542.89,0.00,18100.66,11870.44,6230.22,0.00
"New Orleans/Mobile",Weekly,"2020-01-26 00:00:00",Organic,1.140000000,4727.08,267.08,3.00,0.00,4457.00,4457.00,0.00,0.00
"New Orleans/Mobile",Weekly,"2020-01-19 00:00:00",Organic,1.260000000,3546.16,139.31,0.00,0.00,3406.85,3406.85,0.00,0.00
"New Orleans/Mobile",Weekly,"2020-01-12 00:00:00",Organic,1.280000000,3692.22,69.79,0.00,0.00,3622.43,3622.43,0.00,0.00
"New Orleans/Mobile",Weekly,"2020-01-05 00:00:00",Organic,1.350000000,3134.52,52.94,1.00,0.00,3080.58,3080.58,0.00,0.00
"New York",Weekly,"2020-01-26 00:00:00",Organic,1.660000000,96534.17,19104.55,13504.42,122.20,63803.00,59272.40,4530.60,0.00
"New York",Weekly,"2020-01-19 00:00:00",Organic,1.390000000,137227.21,43278.39,23416.67,21.64,70510.51,65687.56,4822.95,0.00
"New York",Weekly,"2020-01-12 00:00:00",Organic,1.590000000,93522.32,25244.34,13958.89,484.33,53834.76,49162.11,4672.65,0.00
"New York",Weekly,"2020-01-05 00:00:00",Organic,1.560000000,76275.77,19319.89,12398.18,117.80,44439.90,40619.93,3819.97,0.00
Northeast,Weekly,"2020-01-26 00:00:00",Organic,1.500000000,281205.65,29320.11,29754.21,106.84,222024.49,193885.83,28138.66,0.00
Northeast,Weekly,"2020-01-19 00:00:00",Organic,1.360000000,343827.37,66207.43,51242.33,18.86,226358.75,184101.36,42257.39,0.00
Northeast,Weekly,"2020-01-12 00:00:00",Organic,1.460000000,272979.89,35520.83,33468.94,420.63,203569.49,156331.54,47237.95,0.00
Northeast,Weekly,"2020-01-05 00:00:00",Organic,1.490000000,229043.43,28509.35,30162.97,111.32,170259.79,127082.82,43176.97,0.00
"Northern New England",Weekly,"2020-01-26 00:00:00",Organic,1.450000000,26226.68,81.57,629.41,0.00,25515.70,18434.97,7080.73,0.00
"Northern New England",Weekly,"2020-01-19 00:00:00",Organic,1.570000000,22326.48,74.46,577.16,0.00,21674.86,11156.10,10518.76,0.00
"Northern New England",Weekly,"2020-01-12 00:00:00",Organic,1.500000000,27335.89,97.73,615.73,0.00,26622.43,13358.72,13263.71,0.00
"Northern New England",Weekly,"2020-01-05 00:00:00",Organic,1.560000000,23410.33,41.38,691.26,0.00,22677.69,11447.53,11230.16,0.00
Orlando,Weekly,"2020-01-26 00:00:00",Organic,1.130000000,9035.85,108.41,3.00,0.00,8924.44,8924.44,0.00,0.00
Orlando,Weekly,"2020-01-19 00:00:00",Organic,1.140000000,9255.20,175.20,0.00,0.00,9080.00,9080.00,0.00,0.00
Orlando,Weekly,"2020-01-12 00:00:00",Organic,1.130000000,9914.56,124.56,0.00,0.00,9790.00,9790.00,0.00,0.00
Orlando,Weekly,"2020-01-05 00:00:00",Organic,1.140000000,9328.25,101.58,0.00,0.00,9226.67,9226.67,0.00,0.00
Philadelphia,Weekly,"2020-01-26 00:00:00",Organic,1.360000000,35621.51,3045.18,3759.79,0.00,28816.54,25839.05,2977.49,0.00
Philadelphia,Weekly,"2020-01-19 00:00:00",Organic,1.230000000,43427.09,7616.38,6939.02,0.00,28871.69,26230.72,2640.97,0.00
Philadelphia,Weekly,"2020-01-12 00:00:00",Organic,1.370000000,32591.73,2807.76,4687.02,0.00,25096.95,21855.05,3241.90,0.00
Philadelphia,Weekly,"2020-01-05 00:00:00",Organic,1.450000000,23759.79,1978.46,3873.19,0.00,17908.14,15296.63,2611.51,0.00
Phoenix/Tucson,Weekly,"2020-01-26 00:00:00",Organic,1.440000000,24615.71,4464.07,1263.96,0.00,18887.68,16035.87,2851.81,0.00
Phoenix/Tucson,Weekly,"2020-01-19 00:00:00",Organic,1.370000000,24915.76,3075.30,2845.25,0.00,18995.21,18525.98,469.23,0.00
Phoenix/Tucson,Weekly,"2020-01-12 00:00:00",Organic,1.390000000,22069.14,2243.67,1255.16,0.00,18570.31,16459.82,2110.49,0.00
Phoenix/Tucson,Weekly,"2020-01-05 00:00:00",Organic,1.350000000,25650.70,3258.12,1267.81,0.00,21124.77,18172.48,2952.29,0.00
Pittsburgh,Weekly,"2020-01-26 00:00:00",Organic,1.140000000,15255.67,1490.84,24.63,0.00,13740.20,13740.20,0.00,0.00
Pittsburgh,Weekly,"2020-01-19 00:00:00",Organic,1.100000000,17075.66,2240.14,9.86,0.00,14825.66,14825.66,0.00,0.00
Pittsburgh,Weekly,"2020-01-12 00:00:00",Organic,1.190000000,14351.94,1757.76,8.22,0.00,12585.96,12585.96,0.00,0.00
Pittsburgh,Weekly,"2020-01-05 00:00:00",Organic,1.230000000,14095.94,1506.46,6.55,0.00,12582.93,12582.93,0.00,0.00
Plains,Weekly,"2020-01-26 00:00:00",Organic,1.390000000,61648.64,6825.09,4562.07,0.00,50261.48,42022.75,8238.73,0.00
Plains,Weekly,"2020-01-19 00:00:00",Organic,1.210000000,91341.04,31250.69,5250.24,25.84,54814.27,45428.57,9385.70,0.00
Plains,Weekly,"2020-01-12 00:00:00",Organic,1.290000000,61166.56,4851.98,5445.32,12.95,50856.31,42508.35,8347.96,0.00
Plains,Weekly,"2020-01-05 00:00:00",Organic,1.350000000,56875.33,4545.52,5570.62,4.32,46754.87,37333.77,9421.10,0.00
Portland,Weekly,"2020-01-26 00:00:00",Organic,1.860000000,32521.51,43.33,11911.23,0.00,20566.95,12435.10,8128.00,3.85
Portland,Weekly,"2020-01-19 00:00:00",Organic,1.580000000,38342.07,77.62,6213.02,0.00,32051.43,11184.21,20809.72,57.50
Portland,Weekly,"2020-01-12 00:00:00",Organic,1.590000000,40775.29,196.94,7128.18,0.00,33450.17,13024.79,20352.54,72.84
Portland,Weekly,"2020-01-05 00:00:00",Organic,1.600000000,29529.65,196.79,10562.55,0.00,18770.31,6483.67,12206.08,80.56
Raleigh/Greensboro,Weekly,"2020-01-26 00:00:00",Organic,1.860000000,17992.59,933.59,3548.17,194.06,13316.77,11532.12,1784.65,0.00
Raleigh/Greensboro,Weekly,"2020-01-19 00:00:00",Organic,1.970000000,15448.73,987.50,3642.60,238.70,10579.93,7688.21,2891.72,0.00
Raleigh/Greensboro,Weekly,"2020-01-12 00:00:00",Organic,2.080000000,14694.23,206.66,3682.27,94.82,10710.48,8726.24,1984.24,0.00
Raleigh/Greensboro,Weekly,"2020-01-05 00:00:00",Organic,1.870000000,17410.53,2.21,3630.53,48.50,13729.29,9999.87,3729.42,0.00
Richmond/Norfolk,Weekly,"2020-01-26 00:00:00",Organic,1.240000000,21960.69,111.92,1634.61,5.32,20208.84,18482.27,1726.57,0.00
Richmond/Norfolk,Weekly,"2020-01-19 00:00:00",Organic,1.540000000,14071.60,29.19,1869.51,7.96,12164.94,9278.93,2886.01,0.00
Richmond/Norfolk,Weekly,"2020-01-12 00:00:00",Organic,1.210000000,20628.64,41.00,2239.67,9.25,18338.72,14336.84,4001.88,0.00
Richmond/Norfolk,Weekly,"2020-01-05 00:00:00",Organic,0.940000000,28332.88,19.89,2018.97,21.04,26272.98,22532.82,3740.16,0.00
Roanoke,Weekly,"2020-01-26 00:00:00",Organic,1.130000000,18204.04,25.79,1377.28,0.00,16800.97,14152.26,2648.71,0.00
Roanoke,Weekly,"2020-01-19 00:00:00",Organic,1.080000000,13672.93,9.72,1420.29,0.00,12242.92,8123.04,4119.88,0.00
Roanoke,Weekly,"2020-01-12 00:00:00",Organic,1.050000000,16050.51,33.80,1789.98,0.00,14226.73,7990.62,6236.11,0.00
Roanoke,Weekly,"2020-01-05 00:00:00",Organic,0.870000000,18932.70,7.12,1306.40,0.00,17619.18,13335.65,4283.53,0.00
Sacramento,Weekly,"2020-01-26 00:00:00",Organic,1.690000000,15658.57,1742.58,1881.04,0.00,12034.95,12031.81,3.14,0.00
Sacramento,Weekly,"2020-01-19 00:00:00",Organic,1.730000000,15450.98,1887.98,2295.86,0.00,11267.14,11264.00,3.14,0.00
Sacramento,Weekly,"2020-01-12 00:00:00",Organic,1.730000000,14862.41,1978.13,2523.62,0.00,10360.66,10354.41,6.25,0.00
Sacramento,Weekly,"2020-01-05 00:00:00",Organic,1.750000000,17627.39,2019.30,2555.47,0.00,13052.62,13043.26,9.36,0.00
"San Diego",Weekly,"2020-01-26 00:00:00",Organic,1.720000000,27585.40,820.20,929.47,0.00,25835.73,17990.33,7845.40,0.00
"San Diego",Weekly,"2020-01-19 00:00:00",Organic,1.790000000,36225.12,1030.24,1039.07,0.00,34155.81,21476.89,12678.92,0.00
"San Diego",Weekly,"2020-01-12 00:00:00",Organic,1.800000000,34982.33,1139.06,1023.82,0.00,32819.45,18255.88,14563.57,0.00
"San Diego",Weekly,"2020-01-05 00:00:00",Organic,1.630000000,27263.25,913.60,838.39,0.00,25511.26,14415.75,11095.51,0.00
"San Francisco",Weekly,"2020-01-26 00:00:00",Organic,2.000000000,58211.27,3308.83,4281.27,0.00,50621.17,50503.30,117.87,0.00
"San Francisco",Weekly,"2020-01-19 00:00:00",Organic,2.030000000,55185.39,6835.53,5017.46,0.00,43332.40,43303.85,28.55,0.00
"San Francisco",Weekly,"2020-01-12 00:00:00",Organic,2.030000000,52045.62,5607.84,5382.79,0.00,41054.99,40969.59,85.40,0.00
"San Francisco",Weekly,"2020-01-05 00:00:00",Organic,1.980000000,67140.53,4048.98,5368.47,0.00,57723.08,57644.75,78.33,0.00
Seattle,Weekly,"2020-01-26 00:00:00",Organic,1.480000000,67461.35,263.71,32480.37,7.99,34709.28,8302.69,26406.59,0.00
Seattle,Weekly,"2020-01-19 00:00:00",Organic,1.490000000,85385.70,172.65,21678.37,11.95,63522.73,5032.28,58484.55,5.90
Seattle,Weekly,"2020-01-12 00:00:00",Organic,1.810000000,41949.49,235.35,7606.24,4.01,34103.89,14382.52,19721.37,0.00
Seattle,Weekly,"2020-01-05 00:00:00",Organic,1.590000000,40220.62,256.56,11983.69,0.00,27980.37,11379.41,16583.14,17.82
"South Carolina",Weekly,"2020-01-26 00:00:00",Organic,1.530000000,20761.79,558.65,3632.69,130.01,16440.44,13976.22,2464.22,0.00
"South Carolina",Weekly,"2020-01-19 00:00:00",Organic,1.610000000,16881.66,580.55,3683.97,110.01,12507.13,8572.61,3934.52,0.00
"South Carolina",Weekly,"2020-01-12 00:00:00",Organic,1.510000000,18172.64,246.69,3480.47,52.07,14393.41,10765.49,3627.92,0.00
"South Carolina",Weekly,"2020-01-05 00:00:00",Organic,1.550000000,18537.67,55.44,3353.25,47.63,15081.35,10505.61,4575.74,0.00
"South Central",Weekly,"2020-01-26 00:00:00",Organic,1.340000000,131314.57,18204.79,1457.13,2749.30,108903.35,76929.66,31973.69,0.00
"South Central",Weekly,"2020-01-19 00:00:00",Organic,1.330000000,137373.85,12363.23,1961.76,2658.09,120390.77,87529.96,32860.81,0.00
"South Central",Weekly,"2020-01-12 00:00:00",Organic,1.350000000,152589.59,17136.21,2151.70,3055.56,130246.12,96344.60,33901.52,0.00
"South Central",Weekly,"2020-01-05 00:00:00",Organic,1.340000000,135702.00,22194.46,1850.62,2192.75,109464.17,82393.54,27070.63,0.00
Southeast,Weekly,"2020-01-26 00:00:00",Organic,1.290000000,141103.93,2187.95,11497.93,137.82,127280.23,111558.06,15722.17,0.00
Southeast,Weekly,"2020-01-19 00:00:00",Organic,1.250000000,126013.19,1858.55,13049.16,117.08,110988.40,83199.26,27789.14,0.00
Southeast,Weekly,"2020-01-12 00:00:00",Organic,1.240000000,144286.90,1791.42,13031.03,55.62,129408.83,98627.86,30780.97,0.00
Southeast,Weekly,"2020-01-05 00:00:00",Organic,1.290000000,127700.34,1576.95,11286.49,51.07,114785.83,89447.41,25338.42,0.00
Spokane,Weekly,"2020-01-26 00:00:00",Organic,1.630000000,4704.77,14.98,1200.66,0.00,3489.13,1296.60,2192.53,0.00
Spokane,Weekly,"2020-01-19 00:00:00",Organic,1.620000000,5156.77,25.52,867.68,0.00,4263.57,872.74,3390.83,0.00
Spokane,Weekly,"2020-01-12 00:00:00",Organic,1.370000000,4438.60,55.30,1008.13,0.00,3375.17,1810.76,1564.41,0.00
Spokane,Weekly,"2020-01-05 00:00:00",Organic,1.730000000,3356.13,48.45,931.10,0.00,2376.58,2243.16,133.42,0.00
"St. Louis",Weekly,"2020-01-26 00:00:00",Organic,2.090000000,9071.57,2851.65,1776.60,0.00,4443.32,2220.00,2223.32,0.00
"St. Louis",Weekly,"2020-01-19 00:00:00",Organic,1.300000000,25244.97,19209.95,1943.75,0.00,4091.27,1726.17,2365.10,0.00
"St. Louis",Weekly,"2020-01-12 00:00:00",Organic,1.950000000,8091.67,1095.71,2084.13,0.00,4911.83,2833.33,2078.50,0.00
"St. Louis",Weekly,"2020-01-05 00:00:00",Organic,2.070000000,7833.62,1229.32,2310.66,0.00,4293.64,2039.26,2254.38,0.00
Syracuse,Weekly,"2020-01-26 00:00:00",Organic,1.430000000,3266.78,120.44,97.02,0.00,3049.32,1744.95,1304.37,0.00
Syracuse,Weekly,"2020-01-19 00:00:00",Organic,1.270000000,3650.33,80.19,52.43,0.00,3517.71,749.48,2768.23,0.00
Syracuse,Weekly,"2020-01-12 00:00:00",Organic,1.200000000,4401.25,168.26,93.78,0.00,4139.21,954.87,3184.34,0.00
Syracuse,Weekly,"2020-01-05 00:00:00",Organic,1.170000000,4228.66,86.67,83.77,0.00,4058.22,990.95,3067.27,0.00
Tampa,Weekly,"2020-01-26 00:00:00",Organic,1.150000000,9497.86,123.53,1.00,0.00,9373.33,9373.33,0.00,0.00
Tampa,Weekly,"2020-01-19 00:00:00",Organic,1.150000000,8500.38,138.17,0.00,0.00,8362.21,8362.21,0.00,0.00
Tampa,Weekly,"2020-01-12 00:00:00",Organic,1.150000000,10241.99,214.22,0.00,0.00,10027.77,10027.77,0.00,0.00
Tampa,Weekly,"2020-01-05 00:00:00",Organic,1.150000000,9233.65,165.09,3.00,0.00,9065.56,9065.56,0.00,0.00
"Total U.S.",Weekly,"2020-01-26 00:00:00",Organic,1.440000000,1701009.45,108818.36,166076.47,4202.12,1421897.31,1190893.61,230944.34,59.36
"Total U.S.",Weekly,"2020-01-19 00:00:00",Organic,1.350000000,2058102.35,211748.69,184267.17,4167.88,1657863.84,1298598.30,359200.35,65.19
"Total U.S.",Weekly,"2020-01-12 00:00:00",Organic,1.410000000,1960946.80,152181.51,164251.09,4714.51,1639770.67,1282533.77,357168.72,68.18
"Total U.S.",Weekly,"2020-01-05 00:00:00",Organic,1.400000000,1661847.67,111735.11,180465.83,3006.45,1366605.00,1060725.23,305796.57,83.20
West,Weekly,"2020-01-26 00:00:00",Organic,1.440000000,337570.19,25168.68,60280.38,771.23,251349.90,196496.21,54794.33,59.36
West,Weekly,"2020-01-19 00:00:00",Organic,1.190000000,559212.70,62029.53,44795.39,789.95,451597.83,345160.78,106371.86,65.19
West,Weekly,"2020-01-12 00:00:00",Organic,1.260000000,493633.15,55368.84,28441.01,831.82,408991.48,348174.48,60748.82,68.18
West,Weekly,"2020-01-05 00:00:00",Organic,1.510000000,274540.27,23699.10,35818.42,469.71,214553.04,170725.09,43744.75,83.20
"West Tex/New Mexico",Weekly,"2020-01-26 00:00:00",Organic,1.400000000,26160.83,1372.13,504.69,1758.52,22525.49,20688.41,1837.08,0.00
"West Tex/New Mexico",Weekly,"2020-01-19 00:00:00",Organic,1.320000000,26229.10,1382.18,644.90,1774.35,22427.67,21265.82,1161.85,0.00
"West Tex/New Mexico",Weekly,"2020-01-12 00:00:00",Organic,1.340000000,24120.90,1187.01,617.72,2043.99,20272.18,18689.79,1582.39,0.00
"West Tex/New Mexico",Weekly,"2020-01-05 00:00:00",Organic,1.290000000,25878.23,1716.57,517.78,1298.84,22345.04,20561.19,1783.85,0.00
